[submodule "others/HowToCook"]
	path = others/HowToCook
	url = git@github.com:Anduin2017/HowToCook.git
[submodule "others/LTFinderButtons"]
	path = others/LTFinderButtons
	url = git@github.com:lexrus/LTFinderButtons
[submodule "others/SSHAutoLogin"]
	path = others/SSHAutoLogin
	url = git@github.com:yh392261226/SSHAutoLogin.git
[submodule "others/fuzzy-fs"]
	path = others/fuzzy-fs
	url = git@github.com:yh392261226/fuzzy-fs.git
[submodule "others/fz"]
	path = others/fz
	url = git@github.com:changyuheng/fz.git
[submodule "others/fzf-help"]
	path = others/fzf-help
	url = git@github.com:BartSte/fzf-help.git
[submodule "others/fzf-tab-completion"]
	path = others/fzf-tab-completion
	url = git@github.com:lincheney/fzf-tab-completion.git
[submodule "others/git-fuzzy"]
	path = others/git-fuzzy
	url = git@github.com:bigH/git-fuzzy.git
[submodule "others/gvcci"]
	path = others/gvcci
	url = git@github.com:yh392261226/gvcci.git
[submodule "others/iterm2-theme-toggle"]
	path = others/iterm2-theme-toggle
	url = git@github.com:yh392261226/iterm2-theme-toggle.git
[submodule "others/linux-command"]
	path = others/linux-command
	url = git@github.com:jaywcjlove/linux-command.git
[submodule "others/phpstorm-stubs"]
	path = others/phpstorm-stubs
	url = git@github.com:JetBrains/phpstorm-stubs.git
[submodule "others/reference"]
	path = others/reference
	url = git@github.com:jaywcjlove/reference.git
[submodule "others/up"]
	path = others/up
	url = git@github.com:shannonmoeller/up.git
[submodule "others/webui-aria2"]
	path = others/webui-aria2
	url = git@github.com:ziahamza/webui-aria2.git
[submodule "others/zfm"]
	path = others/zfm
	url = git@github.com:pabloariasal/zfm.git
[submodule "others/zinit"]
	path = others/zinit
	url = git@github.com:zdharma-continuum/zinit.git
[submodule "others/zsh-fzf-widgets"]
	path = others/zsh-fzf-widgets
	url = git@github.com:amaya382/zsh-fzf-widgets.git
[submodule "enhancd"]
	path = others/enhancd
	url = git@github.com:yh392261226/enhancd.git
[submodule "others/cheatsheets"]
	path = others/cheatsheets
	url = git@github.com:rstacruz/cheatsheets.git
[submodule "configs/cheat/cheatsheets/configs/cheat/cheatsheets/community"]
	path = configs/cheat/cheatsheets/configs/cheat/cheatsheets/community
	url = git@github.com:cheat/cheatsheets.git
[submodule "configs/ranger/plugins/configs/ranger/plugins/ranger_devicons"]
	path = configs/ranger/plugins/configs/ranger/plugins/ranger_devicons
	url = git@github.com:alexanderjeurissen/ranger_devicons.git
[submodule "warp/themes"]
	path = warp/themes
	url = git@github.com:austintraver/warp-theme.git
[submodule "others/drawdb"]
	path = others/drawdb
	url = git@github.com:drawdb-io/drawdb.git
[submodule "others/yh392261226_nvim_config"]
	path = others/yh392261226_nvim_config
	url = git@github.com:yh392261226/nvim_config
[submodule "others/tmux_configs"]
	path = others/tmux_configs
	url = git@github.com:yh392261226/my_tmux_conf.git
[submodule "others/bash-it"]
	path = others/bash-it
	url = git@github.com:Bash-it/bash-it.git
[submodule "others/oh-my-git"]
	path = others/oh-my-git
	url = git@github.com:arialdomartini/oh-my-git.git
[submodule "others/antigen"]
	path = others/antigen
	url = git@github.com:zsh-users/antigen.git
[submodule "others/oh-my-zsh"]
	path = others/oh-my-zsh
	url = git@github.com:ohmyzsh/ohmyzsh.git
[submodule "others/SpaceVim"]
	path = others/SpaceVim
	url = git@gitlab.com:SpaceVim/SpaceVim.git
